"Column name","Requested field","DwC Name","Field name","Field description","Download field name","Download field description","More information"
"Record ID","id","recordID","id","Record ID","id","Record ID","Atlas unique ID for this record http://rs.tdwg.org/dwc/terms/recordID"
"Catalogue Number","catalogue_number","catalogNumber","catalogue_number","An identifier (preferably unique) for the record within the data set or collection.","catalogue_number","Catalogue Number","http://rs.tdwg.org/dwc/terms/catalogNumber"
"Taxon Concept GUID","taxon_concept_lsid","taxonConceptID","taxon_concept_lsid","An identifier for the taxonomic concept to which the record refers - not for the nomenclatural details of a taxon.","taxon_concept_lsid","Taxon Concept GUID","http://rs.tdwg.org/dwc/terms/taxonConceptID"
"Scientific Name - original","raw_taxon_name","scientificName","raw_taxon_name","The full scientific name, with authorship and date information if known. When forming part of an Identification, this should be the name in lowest level taxonomic rank that can be determined. This term should not contain identification qualifications, which should instead be supplied in the IdentificationQualifier term.","raw_taxon_name","Scientific Name - original","http://rs.tdwg.org/dwc/terms/scientificName"
"Vernacular name - original","raw_common_name","","raw_common_name","Common name (unprocessed)","raw_common_name","Vernacular name - original","The original common name value supplied by the data provider"
"Scientific Name","taxon_name","scientificName","taxon_name","The full scientific name, with authorship and date information if known. When forming part of an Identification, this should be the name in lowest level taxonomic rank that can be determined. This term should not contain identification qualifications, which should instead be supplied in the IdentificationQualifier term.","taxon_name","Scientific Name","http://rs.tdwg.org/dwc/terms/scientificName"
"Taxon Rank","rank","taxonRank","rank","The taxonomic rank of the most specific name in the scientificName. Recommended best practice is to use a controlled vocabulary.","rank","Taxon Rank","http://rs.tdwg.org/dwc/terms/taxonRank"
"Vernacular name","common_name","vernacularName","common_name","A common or vernacular name.","common_name","Vernacular name","http://rs.tdwg.org/dwc/terms/vernacularName"
"Kingdom","kingdom","kingdom","kingdom","The full scientific name of the kingdom in which the taxon is classified.","kingdom","Kingdom","The kingdom the Atlas has matched this record to in the system classification http://rs.tdwg.org/dwc/terms/kingdom"
"Phylum","phylum","phylum","phylum","The full scientific name of the phylum or division in which the taxon is classified.","phylum","Phylum","The phylum the Atlas has matched this record to in the NSL http://rs.tdwg.org/dwc/terms/phylum"
"Class","class","class","class","Class","class","Class","The class the Atlas has matched this record to in the NSL http://rs.tdwg.org/dwc/terms/class"
"Order","order","order","order","The full scientific name of the order in which the taxon is classified.","order","Order","The order the Atlas has matched this record to in the NSL http://rs.tdwg.org/dwc/terms/order"
"Family","family","family","family","The full scientific name of the family in which the taxon is classified.","family","Family","The family the Atlas has matched this record to in the NSL http://rs.tdwg.org/dwc/terms/family"
"Genus","genus","genus","genus","The full scientific name of the genus in which the taxon is classified.","genus","Genus","The genus the Atlas has matched this record to in the NSL http://rs.tdwg.org/dwc/terms/genus"
"Species","species","species","species","Species","species","Species","The species the Atlas has matched this record to in the NSL http://rs.tdwg.org/dwc/terms/species"
"Subspecies","subspecies","","subspecies","Subspecies","subspecies","Subspecies","The subspecies the Atlas has matched this record to in the NSL"
"Data Resource ID","data_resource_uid","","data_resource_uid","Dataset","data_resource_uid","Data Resource ID","The Atlas ID for the data resource"
"Data Resource Name","data_resource","","data_resource","Dataset","data_resource","Data Resource Name","The data resource that supplies the record. This is typically a CSV or DwCA file, or a webservice."
"Institution ID","institution_uid","","institution_uid","Institution","institution_uid","Institution ID","Atlas ID for this institution"
"Institution","institution_name","","institution_name","Institution","institution_name","Institution","The name in use by the institution having custody of the object(s) or information referred to in the record."
"Collection ID","collection_uid","","collection_uid","Collection","collection_uid","Collection ID","Atlas ID for this collection"
"Collection","collection_name","","collection_name","Collection","collection_name","Collection","The name of the collection for this record e.g. Entomology Collection"
"Licence","license","dcterms:license","license","License","license","Licence","The data licence for this record."
"Institution Code","institution_code","institutionCode","institution_code","The name (or acronym) in use by the institution having custody of the object(s) or information referred to in the record.","institution_code","Institution Code","The institution code for this record. This will be populated if the data has come from a museum or herbaria http://rs.tdwg.org/dwc/terms/institutionCode"
"Collection Code","collection_code","collectionCode","collection_code","The name, acronym, coden, or initialism identifying the collection or data set from which the record was derived.","collection_code","Collection Code","The collection code for this record. This will be populated if the data has come from a museum or herbaria http://rs.tdwg.org/dwc/terms/collectionCode"
"Locality","raw_locality","locality","raw_locality","The specific description of the place. Less specific geographic information can be provided in other geographic terms (higherGeography, continent, country, stateProvince, county, municipality, waterBody, island, islandGroup). This term may contain information modified from the original to correct perceived errors or standardize the description.","raw_locality","Locality","http://rs.tdwg.org/dwc/terms/locality"
"Latitude - original","raw_latitude","verbatimLatitude","raw_latitude","The verbatim original latitude of the Location. The coordinate ellipsoid, geodeticDatum, or full Spatial Reference System (SRS) for these coordinates should be stored in verbatimSRS and the coordinate system should be stored in verbatimCoordinateSystem.","raw_latitude","Latitude - original","http://rs.tdwg.org/dwc/terms/verbatimLatitude"
"Longitude - original","raw_longitude","verbatimLongitude","raw_longitude","The verbatim original longitude of the Location. The coordinate ellipsoid, geodeticDatum, or full Spatial Reference System (SRS) for these coordinates should be stored in verbatimSRS and the coordinate system should be stored in verbatimCoordinateSystem.","raw_longitude","Longitude - original","http://rs.tdwg.org/dwc/terms/verbatimLongitude"
"Geodetic datum - original","raw_datum","verbatimCoordinateSystem","raw_datum","The spatial coordinate system for the verbatimLatitude and verbatimLongitude or the verbatimCoordinates of the Location. Recommended best practice is to use a controlled vocabulary.","raw_datum","Geodetic datum - original","http://rs.tdwg.org/dwc/terms/verbatimCoordinateSystem"
"Latitude","latitude","decimalLatitude","latitude","The geographic latitude (in decimal degrees, using the spatial reference system given in geodeticDatum) of the geographic center of a Location. Positive values are north of the Equator, negative values are south of it. Legal values lie between -90 and 90, inclusive.","latitude","Latitude","The decimal latitude associated with this record. If the original latitude was supplied in degrees, minutes, seconds, this value represents the converted value. http://rs.tdwg.org/dwc/terms/decimalLatitude"
"Longitude","longitude","decimalLongitude","longitude","The geographic longitude (in decimal degrees, using the spatial reference system given in geodeticDatum) of the geographic center of a Location. Positive values are east of the Greenwich Meridian, negative values are west of it. Legal values lie between -180 and 180, inclusive.","longitude","Longitude","The decimal longitude associated with this record. If the original longitude was supplied in degrees, minutes, seconds, this value represents the converted value. http://rs.tdwg.org/dwc/terms/decimalLongitude"
"Coordinate Precision","coordinate_precision","coordinatePrecision","coordinate_precision","A decimal representation of the precision of the coordinates given in the decimalLatitude and decimalLongitude.","coordinate_precision","Coordinate Precision","http://rs.tdwg.org/dwc/terms/coordinatePrecision"
"Coordinate Uncertainty in Metres","coordinate_uncertainty","coordinateUncertaintyInMeters","coordinate_uncertainty","The horizontal distance (in meters) from the given decimalLatitude and decimalLongitude describing the smallest circle containing the whole of the Location. Leave the value empty if the uncertainty is unknown, cannot be estimated, or is not applicable (because there are no coordinates). Zero is not a valid value for this term.","coordinate_uncertainty","Coordinate Uncertainty in Metres","http://rs.tdwg.org/dwc/terms/coordinateUncertaintyInMeters"
"Country - parsed","country","country","country","The name of the country or major administrative unit in which the Location occurs. Recommended best practice is to use a controlled vocabulary such as the Getty Thesaurus of Geographic Names.","country","Country - parsed","The country where the specimen was collected or observation was made http://rs.tdwg.org/dwc/terms/country"
"State - parsed","state","stateProvince","state","The name of the next smaller administrative region than country (state, province, canton, department, region, etc.) in which the Location occurs.","state","State - parsed","http://rs.tdwg.org/dwc/terms/stateProvince"
"Local Government Areas","cl959","","cl959","Local Government Areas","cl959","Local Government Areas","https://sampling.ala.org.au/sampling-service/layers/view/more/cl959"
"IMCRA 4 Regions","cl21","","cl21","IMCRA Regions","cl21","IMCRA Regions","https://sampling.ala.org.au/sampling-service/layers/view/more/cl21"
"IBRA 7 Regions","cl1048","","cl1048","IBRA 7 Regions","cl1048","IBRA 7 Regions","https://sampling.ala.org.au/sampling-service/layers/view/more/cl1048"
"Maximum elevation in meters","min_elevation_d","minimumElevationInMeters","min_elevation_d","The lower limit of the range of elevation (altitude, usually above sea level), in meters.","min_elevation_d","Maximum elevation in meters","http://rs.tdwg.org/dwc/terms/minimumElevationInMeters"
"Minimum elevation in meters","max_elevation_d","maximumElevationInMeters","max_elevation_d","The upper limit of the range of elevation (altitude, usually above sea level), in meters.","max_elevation_d","Minimum elevation in meters","http://rs.tdwg.org/dwc/terms/maximumElevationInMeters"
"Minimum depth in meters","min_depth_d","maximumDepthInMeters","min_depth_d","The greater depth of a range of depth below the local surface, in meters.","min_depth_d","Minimum depth in meters","http://rs.tdwg.org/dwc/terms/maximumDepthInMeters"
"Maximum depth in meters","max_depth_d","maximumDepthInMeters","max_depth_d","The greater depth of a range of depth below the local surface, in meters.","max_depth_d","Maximum depth in meters","http://rs.tdwg.org/dwc/terms/maximumDepthInMeters"
"Individual count","individual_count","individualCount","individual_count","The number of individuals represented present at the time of the Occurrence.","individual_count","Individual count","http://rs.tdwg.org/dwc/terms/individualCount"
"Collector","collector","recordedBy","collector","A list (concatenated and separated) of names of people, groups, or organizations responsible for recording the original Occurrence. The primary collector or observer, especially one who applies a personal identifier (recordNumber), should be listed first.","collector","Collector","http://rs.tdwg.org/dwc/terms/recordedBy"
"Year","year","year","year","The four-digit year in which the Event occurred, according to the Common Era Calendar.","year","Year","http://rs.tdwg.org/dwc/terms/year"
"Month","month","month","month","The ordinal month in which the Event occurred.","month","Month","Month of observation, specimen collection date. http://rs.tdwg.org/dwc/terms/month"
"Day","day","day","day","The integer day of the month on which the Event occurred.","day","Day","http://rs.tdwg.org/dwc/terms/day"
"Event Date - parsed","occurrence_date","eventDate","occurrence_date","The date-time or interval during which an Event occurred. For occurrences, this is the date-time when the event was recorded. Not suitable for a time in a geological context. Recommended best practice is to use an encoding scheme, such as ISO 8601:2004(E).","occurrence_date","Event Date - parsed","http://rs.tdwg.org/dwc/terms/eventDate"
"Verbatim event date","verbatim_event_date","verbatimEventDate","verbatim_event_date","The verbatim original representation of the date and time information for an Event.","verbatim_event_date","Verbatim event date","http://rs.tdwg.org/dwc/terms/verbatimEventDate"
"Basis Of Record - original","raw_basis_of_record","verbatimBasisOfRecord","raw_basis_of_record","Basis Of Record - original","raw_basis_of_record","Basis Of Record - original","The basis of record as supplied by the data publisher http://rs.tdwg.org/dwc/terms/verbatimBasisOfRecord"
"Basis Of Record","basis_of_record","basisOfRecord","basis_of_record","The specific nature of the data record.","basis_of_record","Basis Of Record","The basis of record e.g. Specimen, Observation http://rs.tdwg.org/dwc/terms/basisOfRecord"
"Occurrence status","occurrence_status","occurrenceStatus","occurrence_status","A statement about the presence or absence of a Taxon at a Location. Recommended best practice is to use a controlled vocabulary.","occurrence_status","Occurrence status","http://rs.tdwg.org/dwc/terms/occurrenceStatus"
"Sex","raw_sex","sex","raw_sex","The sex of the biological individual(s) represented in the Occurrence. Recommended best practice is to use a controlled vocabulary.","raw_sex","Sex","http://rs.tdwg.org/dwc/terms/sex"
"Preparations","preparations","preparations","preparations","A list (concatenated and separated) of preparations and preservation methods for a specimen.","preparations","Preparations","http://rs.tdwg.org/dwc/terms/preparations"
"Outlier for layer","outlier_layer","","outlier_layer","Outlier for layer","outlier_layer","Outlier for layer",""
"Taxonomic Quality","taxonomic_kosher","","taxonomic_kosher","Taxonomic Quality","taxonomic_kosher","Taxonomic Quality","A flag indicating if there are serious taxonomic problems with a record. false indicates problems."
"Location Quality","geospatial_kosher","","geospatial_kosher","Spatial validity","geospatial_kosher","Location Quality","A single value statement on the spatial validity. Records that have failed 1 or more critical geospatial data quality tests have a value of false"
